id,name,email,city
3,Clementine Bauch,noemail@unknown.com,McKenziehaven
4,Patricia Lebsack,Julianne.OConner@kory.org,South Elvis
5,Chelsey Dietrich,Lucio_Hettinger@annie.ca,Roscoeview
6,Unknown,Karley_Dach@jasper.info,South Christy
7,Kurtis Weissnat,Telly.Hoeger@billy.biz,Howemouth
8,Nicholas Runolfsdottir V,Sherwood@rosamond.me,Aliyaview
9,Glenna Reichert,Chaim_McDermott@dana.io,Bartholomebury
10,Clementina DuBuque,Rey.Padberg@karina.biz,Lebsackbury
1,Leanne Graham,Sincere@april.biz,Gwenborough
2,Ervin Howell,Shanna@melissa.tv,Wisokyburgh
